"LANGUAGE","NAME","VERSION","LICENSES","COPYRIGHTS","URL"
"nodejs","@angular/animations","11.2.14","MIT","Copyright (c) 2010-2023 Google LLC. https://angular.io/license","https://www.npmjs.com/package/%40angular%2Fanimations"
"nodejs","@angular/common","11.2.14","MIT","Copyright (c) 2010-2023 Google LLC. https://angular.io/license","https://www.npmjs.com/package/%40angular%2Fcommon"
"nodejs","@angular/compiler","11.2.14","MIT","Copyright (c) 2010-2023 Google LLC. https://angular.io/license","https://www.npmjs.com/package/%40angular%2Fcompiler"
"nodejs","@angular/core","11.2.14","MIT","Copyright (c) 2010-2023 Google LLC. https://angular.io/license","https://www.npmjs.com/package/%40angular%2Fcore"
"nodejs","@angular/forms","11.2.14","MIT","Copyright (c) 2010-2023 Google LLC. https://angular.io/license","https://www.npmjs.com/package/%40angular%2Fforms"
"nodejs","@angular/platform-browser","11.2.14","MIT","Copyright (c) 2010-2023 Google LLC. https://angular.io/license","https://www.npmjs.com/package/%40angular%2Fplatform-browser"
"nodejs","@angular/platform-browser-dynamic","11.2.14","MIT","Copyright (c) 2010-2023 Google LLC. https://angular.io/license","https://www.npmjs.com/package/%40angular%2Fplatform-browser-dynamic"
"nodejs","@angular/router","11.2.14","MIT","Copyright (c) 2010-2023 Google LLC. https://angular.io/license","https://www.npmjs.com/package/%40angular%2Frouter"
"nodejs","@asymmetrik/ngx-leaflet","8.1.0","MIT","Copyright (c) 2007-2022 Asymmetrik Ltd, a BlueHalo Company","https://www.npmjs.com/package/%40asymmetrik%2Fngx-leaflet"
"nodejs","@nebular/security","7.0.0","MIT","Copyright (c) 2017 Akveo.","https://www.npmjs.com/package/%40nebular%2Fsecurity"
"nodejs","@ng-bootstrap/ng-bootstrap","9.1.3","MIT","Copyright (c) 2015-2018 Angular ng-bootstrap team","https://www.npmjs.com/package/%40ng-bootstrap%2Fng-bootstrap"
"nodejs","@ng-select/ng-select","6.1.0","MIT","Copyright (c) Andžej Maciusovič","https://www.npmjs.com/package/%40ng-select%2Fng-select"
"nodejs","@ngneat/until-destroy","8.1.4","MIT","Copyright (c) 2019 Netanel Basal","https://www.npmjs.com/package/%40ngneat%2Funtil-destroy"
"nodejs","@ngx-translate/core","13.0.0","MIT","Copyright (c) 2023 Olivier Combe","https://www.npmjs.com/package/%40ngx-translate%2Fcore"
"nodejs","@sindresorhus/is","0.14.0","MIT","Copyright (c) Sindre Sorhus <sindresorhus@gmail.com> (https://sindresorhus.com)","https://www.npmjs.com/package/%40sindresorhus%2Fis"
"nodejs","@swimlane/ngx-datatable","20.0.0","MIT","Copyright (c) 2019 Swimlane <info@swimlane.com>","https://www.npmjs.com/package/%40swimlane%2Fngx-datatable"
"nodejs","@szmarczak/http-timer","1.1.2","MIT","Copyright (c) 2018 Szymon Marczak","https://www.npmjs.com/package/%40szmarczak%2Fhttp-timer"
"nodejs","@szmarczak/http-timer","4.0.6","MIT","Copyright (c) 2018 Szymon Marczak","https://www.npmjs.com/package/%40szmarczak%2Fhttp-timer"
"nodejs","@types/geojson","7946.0.8","MIT","Copyrights are respective of each contributor listed at the beginning of each definition file","https://www.npmjs.com/package/%40types%2Fgeojson"
"nodejs","@types/leaflet","1.7.8","MIT","Copyrights are respective of each contributor listed at the beginning of each definition file","https://www.npmjs.com/package/%40types%2Fleaflet"
"nodejs","agent-base","4.3.0","MIT","","https://www.npmjs.com/package/agent-base"
"nodejs","agentkeepalive","3.5.2","MIT","Copyright(c) node-modules and other contributors.Copyright(c) 2012 - 2015 fengmk2 <fengmk2@gmail.com>","https://www.npmjs.com/package/agentkeepalive"
"nodejs","ansi-align","2.0.0","ISC","Copyright (c) 2016, Contributors","https://www.npmjs.com/package/ansi-align"
"nodejs","ansi-align","3.0.1","ISC","Copyright (c) 2016, Contributors","https://www.npmjs.com/package/ansi-align"
"nodejs","ansi-regex","2.1.1","MIT","Copyright (c) Sindre Sorhus <sindresorhus@gmail.com> (https://sindresorhus.com)","https://www.npmjs.com/package/ansi-regex"
"nodejs","ansi-styles","3.2.1","MIT","Copyright (c) Sindre Sorhus <sindresorhus@gmail.com> (https://sindresorhus.com)","https://www.npmjs.com/package/ansi-styles"
"nodejs","ansicolors","0.3.2","MIT","Copyright 2013 Thorsten Lorenz. All rights reserved.","https://www.npmjs.com/package/ansicolors"
"nodejs","ansistyles","0.1.3","MIT","Copyright 2013 Thorsten Lorenz. All rights reserved.","https://www.npmjs.com/package/ansistyles"
"nodejs","aproba","1.2.0","ISC","Copyright (c) 2015, Rebecca Turner <me@re-becca.org>","https://www.npmjs.com/package/aproba"
"nodejs","aproba","2.0.0","ISC","Copyright (c) 2015, Rebecca Turner <me@re-becca.org>","https://www.npmjs.com/package/aproba"
"nodejs","archy","1.0.0","MIT","","https://www.npmjs.com/package/archy"
"nodejs","are-we-there-yet","1.1.4","ISC","Copyright npm, Inc.","https://www.npmjs.com/package/are-we-there-yet"
"nodejs","asap","2.0.6","MIT","Copyright 2009–2014 Contributors. All rights reserved.","https://www.npmjs.com/package/asap"
"nodejs","asn1","0.2.4","MIT","Copyright (c) 2011 Mark Cavage, All rights reserved.","https://www.npmjs.com/package/asn1"
"nodejs","assert-plus","1.0.0","MIT","Copyright (c) 2018, Joyent, Inc. and assert-plus authors","https://www.npmjs.com/package/assert-plus"
"nodejs","asynckit","0.4.0","MIT","Copyright (c) 2016 Alex Indigo","https://www.npmjs.com/package/asynckit"
"nodejs","aws-sign2","0.7.0","Apache-2.0","Copyright 2010 LearnBoost","https://www.npmjs.com/package/aws-sign2"
"nodejs","aws4","1.8.0","MIT","Copyright 2013 Michael Hart (michael.hart.au@gmail.com)","https://www.npmjs.com/package/aws4"
"nodejs","balanced-match","1.0.0","MIT","Copyright (c) 2013 Julian Gruber &lt;julian@juliangruber.com&gt;","https://www.npmjs.com/package/balanced-match"
"nodejs","bcrypt-pbkdf","1.0.2","BSD-3-Clause","Copyright (c) 2013 Ted Unangst <tedu@openbsd.org>","https://www.npmjs.com/package/bcrypt-pbkdf"
"nodejs","bin-links","1.1.8","Artistic-2.0","Copyright (c) npm, Inc.","https://www.npmjs.com/package/bin-links"
"nodejs","bluebird","3.5.5","MIT","Copyright (c) 2013-2018 Petka Antonov","https://www.npmjs.com/package/bluebird"
"nodejs","bootstrap","4.6.0","MIT","Copyright (c) 2011-2023 The Bootstrap Authors","https://www.npmjs.com/package/bootstrap"
"nodejs","bootstrap-italia","1.4.3","BSD-3-Clause","Copyright (c) 2022, the respective contributors, as shown by the AUTHORS file.","https://www.npmjs.com/package/bootstrap-italia"
"nodejs","bootstrap-select","1.13.17","MIT","Copyright (c) 2012-2018 SnapAppointments, LLC","https://www.npmjs.com/package/bootstrap-select"
"nodejs","boxen","1.3.0","MIT","Copyright (c) Sindre Sorhus <sindresorhus@gmail.com> (https://sindresorhus.com)","https://www.npmjs.com/package/boxen"
"nodejs","boxen","5.1.2","MIT","Copyright (c) Sindre Sorhus <sindresorhus@gmail.com> (https://sindresorhus.com)","https://www.npmjs.com/package/boxen"
"nodejs","brace-expansion","1.1.11","MIT","Copyright (c) 2013 Julian Gruber <julian@juliangruber.com>","https://www.npmjs.com/package/brace-expansion"
"nodejs","buffer-from","1.0.0","MIT","Copyright (c) 2016, 2018 Linus Unnebäck","https://www.npmjs.com/package/buffer-from"
"nodejs","builtins","1.0.3","MIT","Copyright (c) 2015 Julian Gruber","https://www.npmjs.com/package/builtins"
"nodejs","byline","5.0.0","MIT","","https://www.npmjs.com/package/byline"
"nodejs","byte-size","5.0.1","MIT","Copyright (c) 2014-23 Lloyd Brookes <75pound@gmail.com>","https://www.npmjs.com/package/byte-size"
"nodejs","cacache","12.0.3","ISC","Copyright (c) npm, Inc.","https://www.npmjs.com/package/cacache"
"nodejs","cacheable-request","6.1.0","MIT","Copyright (c) 2017-2021 Luke ChildsCopyright (c) 2022 Jared Wray","https://www.npmjs.com/package/cacheable-request"
"nodejs","call-limit","1.1.1","ISC","Copyright Rebecca Turner","https://www.npmjs.com/package/call-limit"
"nodejs","camelcase","4.1.0","MIT","Copyright (c) Sindre Sorhus <sindresorhus@gmail.com> (https://sindresorhus.com)","https://www.npmjs.com/package/camelcase"
"nodejs","capture-stack-trace","1.0.0","MIT","Copyright (c) Sindre Sorhus <sindresorhus@gmail.com> (https://sindresorhus.com)Copyright (c) Vsevolod Strukchinsky <floatdrop@gmail.com> (https://github.com/floatdrop)","https://www.npmjs.com/package/capture-stack-trace"
"nodejs","caseless","0.12.0","Apache-2.0","","https://www.npmjs.com/package/caseless"
"nodejs","chalk","2.4.1","MIT","Copyright (c) Sindre Sorhus <sindresorhus@gmail.com> (https://sindresorhus.com)","https://www.npmjs.com/package/chalk"
"nodejs","ci-info","2.0.0","MIT","Copyright (c) 2016-2023 Thomas Watson Steen","https://www.npmjs.com/package/ci-info"
"nodejs","cidr-regex","2.0.10","BSD-2-Clause","Copyright (c) silverwindAll rights reserved.","https://www.npmjs.com/package/cidr-regex"
"nodejs","cli-boxes","1.0.0","MIT","Copyright (c) Sindre Sorhus <sindresorhus@gmail.com> (https://sindresorhus.com)","https://www.npmjs.com/package/cli-boxes"
"nodejs","cli-boxes","2.2.1","MIT","Copyright (c) Sindre Sorhus <sindresorhus@gmail.com> (https://sindresorhus.com)","https://www.npmjs.com/package/cli-boxes"
"nodejs","cli-columns","3.1.2","MIT","Copyright (c) Shannon Moeller <me@shannonmoeller.com> (shannonmoeller.com)","https://www.npmjs.com/package/cli-columns"
"nodejs","cli-table3","0.5.1","MIT","Copyright (c) 2014 James Talmage <james.talmage@jrtechnical.com>","https://www.npmjs.com/package/cli-table3"
"nodejs","cliui","5.0.0","ISC","Copyright (c) 2015, Contributors","https://www.npmjs.com/package/cliui"
"nodejs","clone","1.0.4","MIT","Copyright Copyright 2011-2015 Paul Vorbach <paul@vorba.ch>","https://www.npmjs.com/package/clone"
"nodejs","clone-response","1.0.2","MIT","Copyright (c) Sindre Sorhus <sindresorhus@gmail.com> (https://sindresorhus.com)Copyright (c) Luke Childs <lukechilds123@gmail.com> (https://lukechilds.co.uk)","https://www.npmjs.com/package/clone-response"
"nodejs","cmd-shim","3.0.3","ISC","Copyright (c) npm, Inc. and Contributors","https://www.npmjs.com/package/cmd-shim"
"nodejs","code-point-at","1.1.0","MIT","Copyright (c) Sindre Sorhus <sindresorhus@gmail.com> (sindresorhus.com)","https://www.npmjs.com/package/code-point-at"
"nodejs","color-convert","1.9.1","MIT","Copyright (c) 2011-2016 Heather Arthur <fayearthur@gmail.com>.Copyright (c) 2016-2021 Josh Junon <josh@junon.me>.","https://www.npmjs.com/package/color-convert"
"nodejs","color-name","1.1.3","MIT","Copyright (c) 2015 Dmitry Ivanov","https://www.npmjs.com/package/color-name"
"nodejs","colors","1.3.3","MIT","Copyright (c) Marak Squires","https://www.npmjs.com/package/colors"
"nodejs","columnify","1.5.4","MIT","Copyright (c) 2013 Tim Oxley","https://www.npmjs.com/package/columnify"
"nodejs","combined-stream","1.0.6","MIT","Copyright (c) 2011 Debuggable Limited","https://www.npmjs.com/package/combined-stream"
"nodejs","concat-map","0.0.1","MIT","","https://www.npmjs.com/package/concat-map"
"nodejs","concat-stream","1.6.2","MIT","Copyright (c) 2013 Max Ogden","https://www.npmjs.com/package/concat-stream"
"nodejs","concat-stream","2.0.0","MIT","Copyright (c) 2013 Max Ogden","https://www.npmjs.com/package/concat-stream"
"nodejs","config-chain","1.1.12","MIT","Copyright (c) 2011 Dominic Tarr","https://www.npmjs.com/package/config-chain"
"nodejs","configstore","3.1.5","BSD-2-Clause","Copyright (c) GoogleAll rights reserved.","https://www.npmjs.com/package/configstore"
"nodejs","configstore","5.0.1","BSD-2-Clause","Copyright (c) GoogleAll rights reserved.","https://www.npmjs.com/package/configstore"
"nodejs","console-control-strings","1.1.0","ISC","Copyright (c) 2014, Rebecca Turner <me@re-becca.org>","https://www.npmjs.com/package/console-control-strings"
"nodejs","copy-concurrently","1.0.5","ISC","Copyright (c) 2017, Rebecca Turner <me@re-becca.org>","https://www.npmjs.com/package/copy-concurrently"
"nodejs","core-util-is","1.0.2","MIT","Copyright Node.js contributors. All rights reserved.","https://www.npmjs.com/package/core-util-is"
"nodejs","create-error-class","3.0.2","MIT","Copyright (c) Vsevolod Strukchinsky <floatdrop@gmail.com> (github.com/floatdrop)","https://www.npmjs.com/package/create-error-class"
"nodejs","cross-spawn","5.1.0","MIT","Copyright (c) 2018 Made With MOXY Lda <hello@moxy.studio>","https://www.npmjs.com/package/cross-spawn"
"nodejs","crypto-random-string","1.0.0","MIT","Copyright (c) Sindre Sorhus <sindresorhus@gmail.com> (https://sindresorhus.com)","https://www.npmjs.com/package/crypto-random-string"
"nodejs","crypto-random-string","2.0.0","MIT","Copyright (c) Sindre Sorhus <sindresorhus@gmail.com> (https://sindresorhus.com)","https://www.npmjs.com/package/crypto-random-string"
"nodejs","cyclist","0.2.2","MIT","Copyright (c) 2015 Mathias Buus","https://www.npmjs.com/package/cyclist"
"nodejs","dashdash","1.14.1","MIT","Copyright (c) 2013 Trent Mick. All rights reserved.Copyright (c) 2013 Joyent Inc. All rights reserved.","https://www.npmjs.com/package/dashdash"
"nodejs","date-fns","2.22.1","MIT","Copyright (c) 2021 Sasha Koss and Lesha Koss https://kossnocorp.mit-license.org","https://www.npmjs.com/package/date-fns"
"nodejs","debug","3.1.0","MIT","Copyright (c) 2014-2017 TJ Holowaychuk <tj@vision-media.ca>Copyright (c) 2018-2021 Josh Junon","https://www.npmjs.com/package/debug"
"nodejs","debuglog","1.0.1","MIT","Copyright Joyent, Inc. and other Node contributors. All rights reserved.","https://www.npmjs.com/package/debuglog"
"nodejs","decamelize","1.2.0","MIT","Copyright (c) Sindre Sorhus <sindresorhus@gmail.com> (https://sindresorhus.com)","https://www.npmjs.com/package/decamelize"
"nodejs","decode-uri-component","0.2.0","MIT","Copyright (c) 2017, Sam Verschueren (github.com/SamVerschueren)","https://www.npmjs.com/package/decode-uri-component"
"nodejs","decompress-response","3.3.0","MIT","Copyright (c) Sindre Sorhus <sindresorhus@gmail.com> (https://sindresorhus.com)","https://www.npmjs.com/package/decompress-response"
"nodejs","decompress-response","6.0.0","MIT","Copyright (c) Sindre Sorhus <sindresorhus@gmail.com> (https://sindresorhus.com)","https://www.npmjs.com/package/decompress-response"
"nodejs","deep-extend","0.6.0","MIT","Copyright (c) 2013-2018, Viacheslav Lotsmanov","https://www.npmjs.com/package/deep-extend"
"nodejs","defaults","1.0.3","MIT","Copyright (c) Sindre Sorhus <sindresorhus@gmail.com> (https://sindresorhus.com)Copyright (c) Elijah Insua","https://www.npmjs.com/package/defaults"
"nodejs","defer-to-connect","1.1.3","MIT","Copyright (c) 2018 Szymon Marczak","https://www.npmjs.com/package/defer-to-connect"
"nodejs","define-properties","1.1.3","MIT","Copyright (C) 2015 Jordan Harband","https://www.npmjs.com/package/define-properties"
"nodejs","delayed-stream","1.0.0","MIT","Copyright (c) 2011 Debuggable Limited","https://www.npmjs.com/package/delayed-stream"
"nodejs","delegates","1.0.0","MIT","Copyright (c) 2015 TJ Holowaychuk","https://www.npmjs.com/package/delegates"
"nodejs","detect-indent","5.0.0","MIT","Copyright (c) Sindre Sorhus <sindresorhus@gmail.com> (https://sindresorhus.com)","https://www.npmjs.com/package/detect-indent"
"nodejs","detect-newline","2.1.0","MIT","Copyright (c) Sindre Sorhus <sindresorhus@gmail.com> (https://sindresorhus.com)","https://www.npmjs.com/package/detect-newline"
"nodejs","dezalgo","1.0.3","ISC","Copyright (c) Isaac Z. Schlueter and Contributors","https://www.npmjs.com/package/dezalgo"
"nodejs","dot-prop","4.2.1","MIT","Copyright (c) Sindre Sorhus <sindresorhus@gmail.com> (https://sindresorhus.com)","https://www.npmjs.com/package/dot-prop"
"nodejs","dot-prop","5.3.0","MIT","Copyright (c) Sindre Sorhus <sindresorhus@gmail.com> (https://sindresorhus.com)","https://www.npmjs.com/package/dot-prop"
"nodejs","dotenv","5.0.1","BSD-2-Clause","Copyright (c) 2015, Scott MotteAll rights reserved.","https://www.npmjs.com/package/dotenv"
"nodejs","duplexer","0.1.2","MIT","Copyright (c) 2012 Raynos.","https://www.npmjs.com/package/duplexer"
"nodejs","duplexer3","0.1.4","BSD-3-Clause","Copyright (c) 2022, Sindre Sorhus.Copyright (c) 2020, Vsevolod Strukchinsky.Copyright (c) 2013, Deoxxa Development.","https://www.npmjs.com/package/duplexer3"
"nodejs","duplexify","3.6.0","MIT","Copyright (c) 2014 Mathias Buus","https://www.npmjs.com/package/duplexify"
"nodejs","ecc-jsbn","0.1.2","MIT","Copyright (c) 2014 Jeremie Miller","https://www.npmjs.com/package/ecc-jsbn"
"nodejs","editor","1.0.0","MIT","","https://www.npmjs.com/package/editor"
"nodejs","emoji-regex","7.0.3","MIT","Copyright Mathias Bynens","https://www.npmjs.com/package/emoji-regex"
"nodejs","encoding","0.1.12","MIT","Copyright (c) 2012-2014 Andris Reinman","https://www.npmjs.com/package/encoding"
"nodejs","encoding","0.1.13","MIT","Copyright (c) 2012-2014 Andris Reinman","https://www.npmjs.com/package/encoding"
"nodejs","end-of-stream","1.4.1","MIT","Copyright (c) 2014 Mathias Buus","https://www.npmjs.com/package/end-of-stream"
"nodejs","env-paths","2.2.0","MIT","Copyright (c) Sindre Sorhus <sindresorhus@gmail.com> (https://sindresorhus.com)","https://www.npmjs.com/package/env-paths"
"nodejs","err-code","1.1.2","MIT","","https://www.npmjs.com/package/err-code"
"nodejs","errno","0.1.7","MIT","Copyright (c) 20122015 [Rod Vagg](https://github.com/rvagg) ([rvagg](https://twitter.com/rvagg))","https://www.npmjs.com/package/errno"
"nodejs","es-abstract","1.12.0","MIT","Copyright (C) 2015 Jordan Harband","https://www.npmjs.com/package/es-abstract"
"nodejs","es-to-primitive","1.2.0","MIT","Copyright (c) 2015 Jordan Harband","https://www.npmjs.com/package/es-to-primitive"
"nodejs","es6-promise","4.2.8","MIT","Copyright (c) 2014 Yehuda Katz, Tom Dale, Stefan Penner and contributors","https://www.npmjs.com/package/es6-promise"
"nodejs","es6-promisify","5.0.0","MIT","Copyright (c) 2014 Mike Hall","https://www.npmjs.com/package/es6-promisify"
"nodejs","escape-goat","2.1.1","MIT","Copyright (c) Sindre Sorhus <sindresorhus@gmail.com> (https://sindresorhus.com)","https://www.npmjs.com/package/escape-goat"
"nodejs","escape-string-regexp","1.0.5","MIT","Copyright (c) Sindre Sorhus <sindresorhus@gmail.com> (https://sindresorhus.com)","https://www.npmjs.com/package/escape-string-regexp"
"nodejs","event-stream","4.0.1","MIT","Copyright (c) 2011 Dominic Tarr","https://www.npmjs.com/package/event-stream"
"nodejs","execa","0.7.0","MIT","Copyright (c) Sindre Sorhus <sindresorhus@gmail.com> (https://sindresorhus.com)","https://www.npmjs.com/package/execa"
"nodejs","extend","3.0.2","MIT","Copyright (c) 2014 Stefan Thomas","https://www.npmjs.com/package/extend"
"nodejs","extsprintf","1.3.0","MIT","Copyright (c) 2012, Joyent, Inc. All rights reserved.","https://www.npmjs.com/package/extsprintf"
"nodejs","fast-json-stable-stringify","2.0.0","MIT","Copyright (c) 2017 Evgeny PoberezkinCopyright (c) 2013 James Halliday","https://www.npmjs.com/package/fast-json-stable-stringify"
"nodejs","figgy-pudding","3.5.1","ISC","Copyright (c) npm, Inc.","https://www.npmjs.com/package/figgy-pudding"
"nodejs","file-saver","2.0.5","MIT","Copyright Copyright 2016 [Eli Grey][1].","https://www.npmjs.com/package/file-saver"
"nodejs","filter-obj","1.1.0","MIT","Copyright (c) Sindre Sorhus <sindresorhus@gmail.com> (https://sindresorhus.com)","https://www.npmjs.com/package/filter-obj"
"nodejs","find-npm-prefix","1.0.2","ISC","Copyright npm, Inc","https://www.npmjs.com/package/find-npm-prefix"
"nodejs","find-up","3.0.0","MIT","Copyright (c) Sindre Sorhus <sindresorhus@gmail.com> (https://sindresorhus.com)","https://www.npmjs.com/package/find-up"
"nodejs","flush-write-stream","1.0.3","MIT","Copyright (c) 2015 Mathias Buus","https://www.npmjs.com/package/flush-write-stream"
"nodejs","font-awesome","4.7.0","MIT","Copyright (c) 2023 Fonticons, Inc. (https://fontawesome.com)with Reserved Font Name: Font Awesome.","https://www.npmjs.com/package/font-awesome"
"nodejs","forever-agent","0.6.1","Apache-2.0","","https://www.npmjs.com/package/forever-agent"
"nodejs","form-data","2.3.2","MIT","Copyright (c) 2012 Felix Geisendrfer (felixdebuggable.com) and contributors","https://www.npmjs.com/package/form-data"
"nodejs","from","0.1.7","MIT","Copyright (c) 2011 Dominic Tarr","https://www.npmjs.com/package/from"
"nodejs","from2","1.3.0","MIT","Copyright (c) 2014 Hugh Kennedy","https://www.npmjs.com/package/from2"
"nodejs","from2","2.3.0","MIT","Copyright (c) 2014 Hugh Kennedy","https://www.npmjs.com/package/from2"
"nodejs","fs-minipass","1.2.7","ISC","Copyright (c) Isaac Z. Schlueter and Contributors","https://www.npmjs.com/package/fs-minipass"
"nodejs","fs-vacuum","1.2.10","ISC","Copyright (c) 2015, Forrest L Norvell","https://www.npmjs.com/package/fs-vacuum"
"nodejs","fs-write-stream-atomic","1.0.10","ISC","Copyright (c) Isaac Z. Schlueter and Contributors","https://www.npmjs.com/package/fs-write-stream-atomic"
"nodejs","fs.realpath","1.0.0","ISC","Copyright (c) 2016-2022 Isaac Z. Schlueter and Contributors","https://www.npmjs.com/package/fs.realpath"
"nodejs","function-bind","1.1.1","MIT","Copyright (c) 2013 Raynos.","https://www.npmjs.com/package/function-bind"
"nodejs","gauge","2.7.4","ISC","Copyright (c) 2014, Rebecca Turner <me@re-becca.org>","https://www.npmjs.com/package/gauge"
"nodejs","genfun","5.0.0","MIT","Copyright (c) 2017 Kat Marchán","https://www.npmjs.com/package/genfun"
"nodejs","gentle-fs","2.3.1","Artistic-2.0","Copyright (c) 2000-2006, The Perl Foundation.","https://www.npmjs.com/package/gentle-fs"
"nodejs","geojson-stream","0.1.0","BSD-2-Clause","","https://www.npmjs.com/package/geojson-stream"
"nodejs","get-caller-file","2.0.5","ISC","Copyright 2018 Stefan Penner","https://www.npmjs.com/package/get-caller-file"
"nodejs","get-stream","4.1.0","MIT","Copyright (c) Sindre Sorhus <sindresorhus@gmail.com> (https://sindresorhus.com)","https://www.npmjs.com/package/get-stream"
"nodejs","get-stream","5.2.0","MIT","Copyright (c) Sindre Sorhus <sindresorhus@gmail.com> (https://sindresorhus.com)","https://www.npmjs.com/package/get-stream"
"nodejs","getpass","0.1.7","MIT","Copyright Joyent, Inc. All rights reserved.Permission is hereby granted, free of charge, to any person obtaining a copyof this software and associated documentation files (the ""Software""), todeal in the Software without restriction, including without limitation therights to use, copy, modify, merge, publish, distribute, sublicense, and/orsell copies of the Software, and to permit persons to whom the Software isfurnished to do so, subject to the following conditions:","https://www.npmjs.com/package/getpass"
"nodejs","glob","7.1.6","ISC","Copyright (c) 2009-2023 Isaac Z. Schlueter and Contributors","https://www.npmjs.com/package/glob"
"nodejs","global-dirs","0.1.1","MIT","Copyright (c) Sindre Sorhus <sindresorhus@gmail.com> (https://sindresorhus.com)","https://www.npmjs.com/package/global-dirs"
"nodejs","got","6.7.1","MIT","Copyright (c) Sindre Sorhus <sindresorhus@gmail.com> (sindresorhus.com)","https://www.npmjs.com/package/got"
"nodejs","got","9.6.0","MIT","Copyright (c) Sindre Sorhus <sindresorhus@gmail.com> (sindresorhus.com)","https://www.npmjs.com/package/got"
"nodejs","har-schema","2.0.0","ISC","Copyright (c) 2015, Ahmad Nassri <ahmad@ahmadnassri.com>","https://www.npmjs.com/package/har-schema"
"nodejs","har-validator","5.1.5","ISC,MIT","Copyright (c) 2018 Ahmad Nassri <ahmad@ahmadnassri.com>","https://www.npmjs.com/package/har-validator"
"nodejs","has","1.0.3","MIT","Copyright (c) 2013 Thiago de Arruda","https://www.npmjs.com/package/has"
"nodejs","has-flag","3.0.0","MIT","Copyright (c) Sindre Sorhus <sindresorhus@gmail.com> (https://sindresorhus.com)","https://www.npmjs.com/package/has-flag"
"nodejs","has-symbols","1.0.0","MIT","Copyright (c) 2016 Jordan Harband","https://www.npmjs.com/package/has-symbols"
"nodejs","has-unicode","2.0.1","ISC","Copyright (c) 2014, Rebecca Turner <me@re-becca.org>","https://www.npmjs.com/package/has-unicode"
"nodejs","has-yarn","2.1.0","MIT","Copyright (c) Sindre Sorhus <sindresorhus@gmail.com> (https://sindresorhus.com)","https://www.npmjs.com/package/has-yarn"
"nodejs","hosted-git-info","2.8.8","ISC","Copyright (c) 2015, Rebecca Turner","https://www.npmjs.com/package/hosted-git-info"
"nodejs","http-cache-semantics","3.8.1","BSD-2-Clause","Copyright 2016-2018 Kornel Lesiński","https://www.npmjs.com/package/http-cache-semantics"
"nodejs","http-proxy-agent","2.1.0","MIT","","https://www.npmjs.com/package/http-proxy-agent"
"nodejs","http-signature","1.2.0","MIT","Copyright Joyent, Inc. All rights reserved.Permission is hereby granted, free of charge, to any person obtaining a copyof this software and associated documentation files (the ""Software""), todeal in the Software without restriction, including without limitation therights to use, copy, modify, merge, publish, distribute, sublicense, and/orsell copies of the Software, and to permit persons to whom the Software isfurnished to do so, subject to the following conditions:","https://www.npmjs.com/package/http-signature"
"nodejs","https-proxy-agent","2.2.4","MIT","Copyright (c) 2013 Nathan Rajlich lt;nathantootallnate.netgt;","https://www.npmjs.com/package/https-proxy-agent"
"nodejs","humanize-ms","1.2.1","MIT","Copyright(c) nodemodules and other contributors.MIT Licensed","https://www.npmjs.com/package/humanize-ms"
"nodejs","iconv-lite","0.4.23","MIT","Copyright (c) 2011 Alexander Shtuchkin","https://www.npmjs.com/package/iconv-lite"
"nodejs","iferr","0.1.5","MIT","Copyright (c) 2014 Nadav Ivgi","https://www.npmjs.com/package/iferr"
"nodejs","iferr","1.0.2","MIT","Copyright (c) 2014 Nadav Ivgi","https://www.npmjs.com/package/iferr"
"nodejs","ignore-walk","3.0.3","ISC","Copyright (c) Isaac Z. Schlueter and Contributors","https://www.npmjs.com/package/ignore-walk"
"nodejs","import-lazy","2.1.0","MIT","Copyright (c) Sindre Sorhus <sindresorhus@gmail.com> (sindresorhus.com)","https://www.npmjs.com/package/import-lazy"
"nodejs","imurmurhash","0.1.4","MIT","Copyright (c) 2013 Gary Court, Jens Taylor","https://www.npmjs.com/package/imurmurhash"
"nodejs","inflight","1.0.6","ISC","Copyright (c) Isaac Z. Schlueter","https://www.npmjs.com/package/inflight"
"nodejs","inherits","2.0.4","ISC","Copyright (c) 2011-2023 Isaac Z. Schlueter","https://www.npmjs.com/package/inherits"
"nodejs","ini","1.3.8","ISC","Copyright (c) Isaac Z. Schlueter and Contributors","https://www.npmjs.com/package/ini"
"nodejs","init-package-json","1.10.3","ISC","Copyright npm, Inc.","https://www.npmjs.com/package/init-package-json"
"nodejs","ip","1.1.5","MIT","Copyright Fedor Indutny, 2012.","https://www.npmjs.com/package/ip"
"nodejs","ip-regex","2.1.0","MIT","Copyright (c) Sindre Sorhus <sindresorhus@gmail.com> (https://sindresorhus.com)","https://www.npmjs.com/package/ip-regex"
"nodejs","is-callable","1.1.4","MIT","Copyright (c) 2015 Jordan Harband","https://www.npmjs.com/package/is-callable"
"nodejs","is-ci","1.2.1","MIT","Copyright (c) 2016-2021 Thomas Watson Steen","https://www.npmjs.com/package/is-ci"
"nodejs","is-ci","2.0.0","MIT","Copyright (c) 2016-2021 Thomas Watson Steen","https://www.npmjs.com/package/is-ci"
"nodejs","is-ci","3.0.0","MIT","Copyright (c) 2016-2021 Thomas Watson Steen","https://www.npmjs.com/package/is-ci"
"nodejs","is-cidr","3.0.0","BSD-2-Clause","Copyright [silverwind](https://github.com/silverwind), distributed under BSD licence","https://www.npmjs.com/package/is-cidr"
"nodejs","is-date-object","1.0.1","MIT","Copyright (c) 2015 Jordan Harband","https://www.npmjs.com/package/is-date-object"
"nodejs","is-fullwidth-code-point","1.0.0","MIT","Copyright (c) Sindre Sorhus <sindresorhus@gmail.com> (https://sindresorhus.com)","https://www.npmjs.com/package/is-fullwidth-code-point"
"nodejs","is-installed-globally","0.1.0","MIT","Copyright (c) Sindre Sorhus <sindresorhus@gmail.com> (https://sindresorhus.com)","https://www.npmjs.com/package/is-installed-globally"
"nodejs","is-installed-globally","0.4.0","MIT","Copyright (c) Sindre Sorhus <sindresorhus@gmail.com> (https://sindresorhus.com)","https://www.npmjs.com/package/is-installed-globally"
"nodejs","is-npm","1.0.0","MIT","Copyright (c) Sindre Sorhus <sindresorhus@gmail.com> (https://sindresorhus.com)","https://www.npmjs.com/package/is-npm"
"nodejs","is-obj","1.0.1","MIT","Copyright (c) Sindre Sorhus <sindresorhus@gmail.com> (https://sindresorhus.com)","https://www.npmjs.com/package/is-obj"
"nodejs","is-path-inside","1.0.1","MIT","Copyright (c) Sindre Sorhus <sindresorhus@gmail.com> (https://sindresorhus.com)","https://www.npmjs.com/package/is-path-inside"
"nodejs","is-path-inside","2.1.0","MIT","Copyright (c) Sindre Sorhus <sindresorhus@gmail.com> (https://sindresorhus.com)","https://www.npmjs.com/package/is-path-inside"
"nodejs","is-redirect","1.0.0","MIT","Copyright (c) Sindre Sorhus <sindresorhus@gmail.com> (https://sindresorhus.com)","https://www.npmjs.com/package/is-redirect"
"nodejs","is-regex","1.0.4","MIT","Copyright (c) 2014 Jordan Harband","https://www.npmjs.com/package/is-regex"
"nodejs","is-regex","1.1.3","MIT","Copyright (c) 2014 Jordan Harband","https://www.npmjs.com/package/is-regex"
"nodejs","is-retry-allowed","1.2.0","MIT","Copyright (c) Vsevolod Strukchinsky <floatdrop@gmail.com> (github.com/floatdrop)Copyright (c) Sindre Sorhus <sindresorhus@gmail.com> (https://sindresorhus.com)","https://www.npmjs.com/package/is-retry-allowed"
"nodejs","is-stream","1.1.0","MIT","Copyright (c) Sindre Sorhus <sindresorhus@gmail.com> (https://sindresorhus.com)","https://www.npmjs.com/package/is-stream"
"nodejs","is-symbol","1.0.2","MIT","Copyright (c) 2015 Jordan Harband","https://www.npmjs.com/package/is-symbol"
"nodejs","is-typedarray","1.0.0","MIT","","https://www.npmjs.com/package/is-typedarray"
"nodejs","is-yarn-global","0.3.0","MIT","Copyright (c) 2018 LitoMore","https://www.npmjs.com/package/is-yarn-global"
"nodejs","isarray","0.0.1","MIT","Copyright (c) 2013 Julian Gruber <julian@juliangruber.com>","https://www.npmjs.com/package/isarray"
"nodejs","isarray","1.0.0","MIT","Copyright (c) 2013 Julian Gruber <julian@juliangruber.com>","https://www.npmjs.com/package/isarray"
"nodejs","isexe","2.0.0","ISC","Copyright (c) 2016-2022 Isaac Z. Schlueter and Contributors","https://www.npmjs.com/package/isexe"
"nodejs","isstream","0.1.2","MIT","Copyright (c) 2015 Rod Vagg---------------------------","https://www.npmjs.com/package/isstream"
"nodejs","jquery","3.6.0","MIT","Copyright OpenJS Foundation and other contributors, https://openjsf.org/","https://www.npmjs.com/package/jquery"
"nodejs","jsbn","0.1.1","MIT","","https://www.npmjs.com/package/jsbn"
"nodejs","json-buffer","3.0.0","MIT","Copyright (c) 2013 Dominic Tarr","https://www.npmjs.com/package/json-buffer"
"nodejs","json-schema","0.2.3","AFL-2.1,BSD-2-Clause,BSD-3-Clause","Copyright (c) 2005-2015, The Dojo FoundationAll rights reserved.","https://www.npmjs.com/package/json-schema"
"nodejs","json-stringify-safe","5.0.1","ISC","Copyright (c) Isaac Z. Schlueter and Contributors","https://www.npmjs.com/package/json-stringify-safe"
"nodejs","jsonparse","1.3.1","MIT","Copyright (c) 2012 Tim Caswell","https://www.npmjs.com/package/jsonparse"
"nodejs","JSONStream","1.3.5","Apache-2.0","Copyright (c) 2011 Dominic Tarr","https://www.npmjs.com/package/JSONStream"
"nodejs","jsprim","1.4.1","MIT","Copyright (c) 2012, Joyent, Inc. All rights reserved.","https://www.npmjs.com/package/jsprim"
"nodejs","keyv","3.1.0","MIT","Copyright (c) 2017-2021 Luke ChildsCopyright (c) 2021-2022 Jared Wray","https://www.npmjs.com/package/keyv"
"nodejs","keyv","4.0.3","MIT","Copyright (c) 2017-2021 Luke ChildsCopyright (c) 2021-2022 Jared Wray","https://www.npmjs.com/package/keyv"
"nodejs","latest-version","3.1.0","MIT","Copyright (c) Sindre Sorhus <sindresorhus@gmail.com> (https://sindresorhus.com)","https://www.npmjs.com/package/latest-version"
"nodejs","latest-version","5.1.0","MIT","Copyright (c) Sindre Sorhus <sindresorhus@gmail.com> (https://sindresorhus.com)","https://www.npmjs.com/package/latest-version"
"nodejs","lazy-property","1.0.0","MIT","Copyright (c) 2013 Mikola Lysenko","https://www.npmjs.com/package/lazy-property"
"nodejs","leaflet","1.7.1","BSD-2-Clause","Copyright (c) 2010-2023, Volodymyr Agafonkin","https://www.npmjs.com/package/leaflet"
"nodejs","leaflet.control.layers.tree","1.1.0","BSD-3-Clause","Copyright (c) 2017, Javier Jimenez ShawAll rights reserved.","https://www.npmjs.com/package/leaflet.control.layers.tree"
"nodejs","libcipm","4.0.8","MIT","Copyright (c) npm, Inc.","https://www.npmjs.com/package/libcipm"
"nodejs","libnpm","3.0.1","ISC","Copyright (c) npm, Inc.","https://www.npmjs.com/package/libnpm"
"nodejs","libnpmaccess","3.0.2","ISC","Copyright npm, Inc","https://www.npmjs.com/package/libnpmaccess"
"nodejs","libnpmconfig","1.2.1","ISC","Copyright npm, Inc","https://www.npmjs.com/package/libnpmconfig"
"nodejs","libnpmhook","5.0.3","ISC","Copyright (c) npm, Inc.","https://www.npmjs.com/package/libnpmhook"
"nodejs","libnpmorg","1.0.1","ISC","Copyright npm, Inc","https://www.npmjs.com/package/libnpmorg"
"nodejs","libnpmpublish","1.1.2","ISC","Copyright npm, Inc","https://www.npmjs.com/package/libnpmpublish"
"nodejs","libnpmsearch","2.0.2","ISC","Copyright npm, Inc","https://www.npmjs.com/package/libnpmsearch"
"nodejs","libnpmteam","1.0.2","ISC","Copyright npm, Inc","https://www.npmjs.com/package/libnpmteam"
"nodejs","libnpx","10.2.4","ISC","Copyright (c) npm, Inc.","https://www.npmjs.com/package/libnpx"
"nodejs","locate-path","3.0.0","MIT","Copyright (c) Sindre Sorhus <sindresorhus@gmail.com> (https://sindresorhus.com)","https://www.npmjs.com/package/locate-path"
"nodejs","lock-verify","2.1.0","ISC","Copyright (c) 2017, Rebecca Turner <me@re-becca.org>","https://www.npmjs.com/package/lock-verify"
"nodejs","lockfile","1.0.4","ISC","Copyright (c) Isaac Z. Schlueter and Contributors","https://www.npmjs.com/package/lockfile"
"nodejs","lodash._baseindexof","3.1.0","MIT","Copyright and related rights for sample code are waived via CC0. Samplecode is defined as all source code displayed within the prose of thedocumentation.","https://www.npmjs.com/package/lodash._baseindexof"
"nodejs","lodash._baseuniq","4.6.0","MIT","Copyright and related rights for sample code are waived via CC0. Samplecode is defined as all source code displayed within the prose of thedocumentation.","https://www.npmjs.com/package/lodash._baseuniq"
"nodejs","lodash._bindcallback","3.0.1","MIT","Copyright and related rights for sample code are waived via CC0. Samplecode is defined as all source code displayed within the prose of thedocumentation.","https://www.npmjs.com/package/lodash._bindcallback"
"nodejs","lodash._cacheindexof","3.0.2","MIT","Copyright and related rights for sample code are waived via CC0. Samplecode is defined as all source code displayed within the prose of thedocumentation.","https://www.npmjs.com/package/lodash._cacheindexof"
"nodejs","lodash._createcache","3.1.2","MIT","Copyright and related rights for sample code are waived via CC0. Samplecode is defined as all source code displayed within the prose of thedocumentation.","https://www.npmjs.com/package/lodash._createcache"
"nodejs","lodash._createset","4.0.3","MIT","Copyright and related rights for sample code are waived via CC0. Samplecode is defined as all source code displayed within the prose of thedocumentation.","https://www.npmjs.com/package/lodash._createset"
"nodejs","lodash._getnative","3.9.1","MIT","Copyright and related rights for sample code are waived via CC0. Samplecode is defined as all source code displayed within the prose of thedocumentation.","https://www.npmjs.com/package/lodash._getnative"
"nodejs","lodash._root","3.0.1","MIT","Copyright and related rights for sample code are waived via CC0. Samplecode is defined as all source code displayed within the prose of thedocumentation.","https://www.npmjs.com/package/lodash._root"
"nodejs","lodash.clonedeep","4.5.0","MIT","Copyright and related rights for sample code are waived via CC0. Samplecode is defined as all source code displayed within the prose of thedocumentation.","https://www.npmjs.com/package/lodash.clonedeep"
"nodejs","lodash.restparam","3.6.1","MIT","Copyright and related rights for sample code are waived via CC0. Samplecode is defined as all source code displayed within the prose of thedocumentation.","https://www.npmjs.com/package/lodash.restparam"
"nodejs","lodash.union","4.6.0","MIT","Copyright and related rights for sample code are waived via CC0. Samplecode is defined as all source code displayed within the prose of thedocumentation.","https://www.npmjs.com/package/lodash.union"
"nodejs","lodash.uniq","4.5.0","MIT","Copyright and related rights for sample code are waived via CC0. Samplecode is defined as all source code displayed within the prose of thedocumentation.","https://www.npmjs.com/package/lodash.uniq"
"nodejs","lodash.without","4.4.0","MIT","Copyright and related rights for sample code are waived via CC0. Samplecode is defined as all source code displayed within the prose of thedocumentation.","https://www.npmjs.com/package/lodash.without"
"nodejs","lowercase-keys","1.0.1","MIT","Copyright (c) Sindre Sorhus <sindresorhus@gmail.com> (https://sindresorhus.com)","https://www.npmjs.com/package/lowercase-keys"
"nodejs","lowercase-keys","2.0.0","MIT","Copyright (c) Sindre Sorhus <sindresorhus@gmail.com> (https://sindresorhus.com)","https://www.npmjs.com/package/lowercase-keys"
"nodejs","make-dir","1.3.0","MIT","Copyright (c) Sindre Sorhus <sindresorhus@gmail.com> (https://sindresorhus.com)","https://www.npmjs.com/package/make-dir"
"nodejs","make-fetch-happen","5.0.2","ISC","Copyright (c) npm, Inc.","https://www.npmjs.com/package/make-fetch-happen"
"nodejs","map-stream","0.0.7","MIT","Copyright (c) 2011 Dominic Tarr","https://www.npmjs.com/package/map-stream"
"nodejs","meant","1.0.2","MIT","Copyright (c) 2016 Daijirō Wachi","https://www.npmjs.com/package/meant"
"nodejs","mgrs","1.0.0","MIT","Copyright (c) 2012, Mike Adair, Richard Greenwood, Didier Richard, Stephen Irons, Olivier Terral, Calvin Metcalf","https://www.npmjs.com/package/mgrs"
"nodejs","mime-db","1.35.0","MIT","Copyright (c) 2014 Jonathan Ong <me@jongleberry.com>Copyright (c) 2015-2022 Douglas Christopher Wilson <doug@somethingdoug.com>","https://www.npmjs.com/package/mime-db"
"nodejs","mime-types","2.1.19","MIT","Copyright (c) 2014 Jonathan Ong <me@jongleberry.com>Copyright (c) 2015 Douglas Christopher Wilson <doug@somethingdoug.com>","https://www.npmjs.com/package/mime-types"
"nodejs","mimic-response","1.0.1","MIT","Copyright (c) Sindre Sorhus <sindresorhus@gmail.com> (https://sindresorhus.com)","https://www.npmjs.com/package/mimic-response"
"nodejs","minimatch","3.0.4","ISC","Copyright (c) 2011-2023 Isaac Z. Schlueter and Contributors","https://www.npmjs.com/package/minimatch"
"nodejs","minimist","1.2.5","MIT","","https://www.npmjs.com/package/minimist"
"nodejs","minizlib","1.3.3","MIT","Copyright (c) 2017-2022 Joyent, Inc. and other Node contributors","https://www.npmjs.com/package/minizlib"
"nodejs","mississippi","3.0.0","BSD-2-Clause","Copyright (c) 2020 Max Ogden","https://www.npmjs.com/package/mississippi"
"nodejs","mkdirp","0.5.5","MIT","","https://www.npmjs.com/package/mkdirp"
"nodejs","move-concurrently","1.0.1","ISC","Copyright (c) 2017, Rebecca Turner <me@re-becca.org>","https://www.npmjs.com/package/move-concurrently"
"nodejs","ms","2.1.1","MIT","Copyright (c) 2022 Vercel, Inc.","https://www.npmjs.com/package/ms"
"nodejs","mute-stream","0.0.7","ISC","Copyright (c) Isaac Z. Schlueter and Contributors","https://www.npmjs.com/package/mute-stream"
"nodejs","ngx-datatable","1.0.3","MIT","Copyright (c) 2015-2016 Dmitriy Shekhovtsov <valorkin@gmail.com>Copyright (c) 2015-2016 Valor Software","https://www.npmjs.com/package/ngx-datatable"
"nodejs","node-fetch-npm","2.0.2","MIT","Copyright (c) 2016 David Frank","https://www.npmjs.com/package/node-fetch-npm"
"nodejs","node-gyp","5.1.0","MIT","Copyright (c) 2012 Nathan Rajlich <nathan@tootallnate.net>","https://www.npmjs.com/package/node-gyp"
"nodejs","nopt","3.0.6","ISC","Copyright (c) Isaac Z. Schlueter and Contributors","https://www.npmjs.com/package/nopt"
"nodejs","nopt","4.0.3","ISC","Copyright (c) Isaac Z. Schlueter and Contributors","https://www.npmjs.com/package/nopt"
"nodejs","npm","6.14.12","Artistic-2.0","Copyright (c) 2000-2006, The Perl Foundation.","https://www.npmjs.com/package/npm"
"nodejs","npm-audit-report","1.3.3","ISC","Copyright (c) npm, Inc.","https://www.npmjs.com/package/npm-audit-report"
"nodejs","npm-bundled","1.1.1","ISC","Copyright (c) npm, Inc. and Contributors","https://www.npmjs.com/package/npm-bundled"
"nodejs","npm-cache-filename","1.0.2","ISC","Copyright (c) npm, Inc. and Contributors","https://www.npmjs.com/package/npm-cache-filename"
"nodejs","npm-install-checks","3.0.2","BSD-2-Clause","Copyright (c) Robert Kowalski and Isaac Z. Schlueter (""Authors"")All rights reserved.","https://www.npmjs.com/package/npm-install-checks"
"nodejs","npm-install-checks","4.0.0","BSD-2-Clause","Copyright (c) Robert Kowalski and Isaac Z. Schlueter (""Authors"")All rights reserved.","https://www.npmjs.com/package/npm-install-checks"
"nodejs","npm-lifecycle","3.1.5","Artistic-2.0","Copyright (c) 2000-2006, The Perl Foundation.","https://www.npmjs.com/package/npm-lifecycle"
"nodejs","npm-logical-tree","1.2.1","ISC","Copyright (c) npm, Inc.","https://www.npmjs.com/package/npm-logical-tree"
"nodejs","npm-normalize-package-bin","1.0.1","ISC","Copyright (c) npm, Inc.","https://www.npmjs.com/package/npm-normalize-package-bin"
"nodejs","npm-package-arg","6.1.1","ISC","Copyright (c) npm, Inc.","https://www.npmjs.com/package/npm-package-arg"
"nodejs","npm-packlist","1.4.8","ISC","Copyright (c) Isaac Z. Schlueter and Contributors","https://www.npmjs.com/package/npm-packlist"
"nodejs","npm-packlist","2.2.2","ISC","Copyright (c) Isaac Z. Schlueter and Contributors","https://www.npmjs.com/package/npm-packlist"
"nodejs","npm-pick-manifest","3.0.2","ISC","Copyright (c) npm, Inc.","https://www.npmjs.com/package/npm-pick-manifest"
"nodejs","npm-profile","4.0.4","ISC","Copyright npm, Inc.","https://www.npmjs.com/package/npm-profile"
"nodejs","npm-registry-fetch","4.0.7","ISC","Copyright npm, Inc.","https://www.npmjs.com/package/npm-registry-fetch"
"nodejs","npm-registry-fetch","9.0.0","ISC","Copyright npm, Inc.","https://www.npmjs.com/package/npm-registry-fetch"
"nodejs","npm-run-path","2.0.2","MIT","Copyright (c) Sindre Sorhus <sindresorhus@gmail.com> (https://sindresorhus.com)","https://www.npmjs.com/package/npm-run-path"
"nodejs","npm-user-validate","1.0.1","BSD-2-Clause","Copyright (c) Robert KowalskiAll rights reserved.","https://www.npmjs.com/package/npm-user-validate"
"nodejs","npmlog","4.1.2","ISC","Copyright npm, Inc.","https://www.npmjs.com/package/npmlog"
"nodejs","number-is-nan","1.0.1","MIT","Copyright (c) Sindre Sorhus <sindresorhus@gmail.com> (sindresorhus.com)","https://www.npmjs.com/package/number-is-nan"
"nodejs","oauth-sign","0.9.0","Apache-2.0","","https://www.npmjs.com/package/oauth-sign"
"nodejs","object-assign","4.1.1","MIT","Copyright (c) Sindre Sorhus <sindresorhus@gmail.com> (sindresorhus.com)","https://www.npmjs.com/package/object-assign"
"nodejs","object-keys","1.0.12","MIT","Copyright (C) 2013 Jordan Harband","https://www.npmjs.com/package/object-keys"
"nodejs","object.getownpropertydescriptors","2.0.3","MIT","Copyright (c) 2015 Jordan Harband","https://www.npmjs.com/package/object.getownpropertydescriptors"
"nodejs","once","1.4.0","ISC","Copyright (c) 2012-2022 Isaac Z. Schlueter and Contributors","https://www.npmjs.com/package/once"
"nodejs","os-homedir","1.0.2","MIT","Copyright (c) Sindre Sorhus <sindresorhus@gmail.com> (sindresorhus.com)","https://www.npmjs.com/package/os-homedir"
"nodejs","os-tmpdir","1.0.2","MIT","Copyright (c) Sindre Sorhus <sindresorhus@gmail.com> (sindresorhus.com)","https://www.npmjs.com/package/os-tmpdir"
"nodejs","osenv","0.1.5","ISC","Copyright (c) Isaac Z. Schlueter and Contributors","https://www.npmjs.com/package/osenv"
"nodejs","owl.carousel","2.3.4","MIT","Copyright (c) 2014 OwlModified work Copyright 2016-2018 David Deutsch","https://www.npmjs.com/package/owl.carousel"
"nodejs","p-cancelable","1.1.0","MIT","Copyright (c) Sindre Sorhus <sindresorhus@gmail.com> (https://sindresorhus.com)","https://www.npmjs.com/package/p-cancelable"
"nodejs","p-cancelable","2.1.1","MIT","Copyright (c) Sindre Sorhus <sindresorhus@gmail.com> (https://sindresorhus.com)","https://www.npmjs.com/package/p-cancelable"
"nodejs","p-finally","1.0.0","MIT","Copyright (c) Sindre Sorhus <sindresorhus@gmail.com> (https://sindresorhus.com)","https://www.npmjs.com/package/p-finally"
"nodejs","p-limit","2.2.0","MIT","Copyright (c) Sindre Sorhus <sindresorhus@gmail.com> (https://sindresorhus.com)","https://www.npmjs.com/package/p-limit"
"nodejs","p-locate","3.0.0","MIT","Copyright (c) Sindre Sorhus <sindresorhus@gmail.com> (https://sindresorhus.com)","https://www.npmjs.com/package/p-locate"
"nodejs","p-try","2.2.0","MIT","Copyright (c) Sindre Sorhus <sindresorhus@gmail.com> (https://sindresorhus.com)","https://www.npmjs.com/package/p-try"
"nodejs","package-json","4.0.1","MIT","Copyright (c) Sindre Sorhus <sindresorhus@gmail.com> (https://sindresorhus.com)","https://www.npmjs.com/package/package-json"
"nodejs","package-json","6.5.0","MIT","Copyright (c) Sindre Sorhus <sindresorhus@gmail.com> (https://sindresorhus.com)","https://www.npmjs.com/package/package-json"
"nodejs","pacote","9.5.12","ISC","Copyright (c) Isaac Z. Schlueter, Kat Marchán, npm, Inc., and Contributors","https://www.npmjs.com/package/pacote"
"nodejs","parallel-transform","1.1.0","MIT","Copyright 2013 Mathias Buus","https://www.npmjs.com/package/parallel-transform"
"nodejs","path-exists","3.0.0","MIT","Copyright (c) Sindre Sorhus <sindresorhus@gmail.com> (https://sindresorhus.com)","https://www.npmjs.com/package/path-exists"
"nodejs","path-is-absolute","1.0.1","MIT","Copyright (c) Sindre Sorhus <sindresorhus@gmail.com> (sindresorhus.com)","https://www.npmjs.com/package/path-is-absolute"
"nodejs","path-key","2.0.1","MIT","Copyright (c) Sindre Sorhus <sindresorhus@gmail.com> (https://sindresorhus.com)","https://www.npmjs.com/package/path-key"
"nodejs","path-parse","1.0.6","MIT","Copyright (c) 2015 Javier Blanco","https://www.npmjs.com/package/path-parse"
"nodejs","pause-stream","0.0.11","Apache-2.0,MIT","Copyright (c) 2013 Dominic Tarr","https://www.npmjs.com/package/pause-stream"
"nodejs","performance-now","2.1.0","MIT","","https://www.npmjs.com/package/performance-now"
"nodejs","pify","3.0.0","MIT","Copyright (c) Sindre Sorhus <sindresorhus@gmail.com> (https://sindresorhus.com)","https://www.npmjs.com/package/pify"
"nodejs","popper.js","1.16.1","MIT","Copyright (c) 2021 Floating UI contributors","https://www.npmjs.com/package/popper.js"
"nodejs","prepend-http","1.0.4","MIT","Copyright (c) Sindre Sorhus <sindresorhus@gmail.com> (https://sindresorhus.com)","https://www.npmjs.com/package/prepend-http"
"nodejs","prepend-http","2.0.0","MIT","Copyright (c) Sindre Sorhus <sindresorhus@gmail.com> (https://sindresorhus.com)","https://www.npmjs.com/package/prepend-http"
"nodejs","process-nextick-args","2.0.0","MIT","Copyright (c) 2015 Calvin Metcalf","https://www.npmjs.com/package/process-nextick-args"
"nodejs","proj4","2.7.5","MIT","Copyright (c) 2014, Mike Adair, Richard Greenwood, Didier Richard, Stephen Irons, Olivier Terral and Calvin Metcalf","https://www.npmjs.com/package/proj4"
"nodejs","proj4leaflet","1.0.2","BSD-2-Clause","Copyright (c) 2012, Kartena ABAll rights reserved.","https://www.npmjs.com/package/proj4leaflet"
"nodejs","promise-inflight","1.0.1","ISC","Copyright (c) 2017, Rebecca Turner <me@re-becca.org>","https://www.npmjs.com/package/promise-inflight"
"nodejs","promise-retry","1.1.1","MIT","Copyright (c) 2014 IndigoUnited","https://www.npmjs.com/package/promise-retry"
"nodejs","promzard","0.3.0","ISC","Copyright (c) Isaac Z. Schlueter","https://www.npmjs.com/package/promzard"
"nodejs","proto-list","1.2.4","ISC","Copyright (c) 2011-2022 Isaac Z. Schlueter and Contributors","https://www.npmjs.com/package/proto-list"
"nodejs","protoduck","5.0.1","MIT","Copyright (c) 2017 Kat Marchán","https://www.npmjs.com/package/protoduck"
"nodejs","prr","1.0.1","MIT","Copyright (c) 2014 Rod Vagg---------------------------","https://www.npmjs.com/package/prr"
"nodejs","pseudomap","1.0.2","ISC","Copyright (c) 2015-2022 Isaac Z. Schlueter and Contributors","https://www.npmjs.com/package/pseudomap"
"nodejs","psl","1.1.29","MIT","Copyright (c) 2017 Lupo Montero lupomontero@gmail.com","https://www.npmjs.com/package/psl"
"nodejs","pump","3.0.0","MIT","Copyright (c) 2014 Mathias Buus","https://www.npmjs.com/package/pump"
"nodejs","pumpify","1.5.1","MIT","Copyright (c) 2014 Mathias Buus","https://www.npmjs.com/package/pumpify"
"nodejs","punycode","1.4.1","MIT","Copyright Mathias Bynens","https://www.npmjs.com/package/punycode"
"nodejs","pupa","2.1.1","MIT","Copyright (c) Sindre Sorhus <sindresorhus@gmail.com> (https://sindresorhus.com)","https://www.npmjs.com/package/pupa"
"nodejs","qrcode-terminal","0.12.0","Apache-2.0","Copyright (c) 2009 Kazuhiko Arase","https://www.npmjs.com/package/qrcode-terminal"
"nodejs","qs","6.5.2","BSD-3-Clause","Copyright (c) 2014, Nathan LaFreniere and other [contributors](https://github.com/ljharb/qs/graphs/contributors)All rights reserved.","https://www.npmjs.com/package/qs"
"nodejs","query-string","6.14.1","MIT","Copyright (c) Sindre Sorhus <sindresorhus@gmail.com> (https://sindresorhus.com)","https://www.npmjs.com/package/query-string"
"nodejs","query-string","6.8.2","MIT","Copyright (c) Sindre Sorhus <sindresorhus@gmail.com> (https://sindresorhus.com)","https://www.npmjs.com/package/query-string"
"nodejs","qw","1.0.1","ISC","Copyright (c) 2016, Rebecca Turner <me@re-becca.org>","https://www.npmjs.com/package/qw"
"nodejs","rc","1.2.8","Apache-2.0","Copyright (c) 2011 Dominic Tarr","https://www.npmjs.com/package/rc"
"nodejs","read","1.0.7","ISC","Copyright (c) Isaac Z. Schlueter and Contributors","https://www.npmjs.com/package/read"
"nodejs","read-cmd-shim","1.0.5","ISC","Copyright (c) 2015, Rebecca Turner <me@re-becca.org>","https://www.npmjs.com/package/read-cmd-shim"
"nodejs","read-installed","4.0.3","ISC","Copyright (c) Isaac Z. Schlueter","https://www.npmjs.com/package/read-installed"
"nodejs","read-package-json","2.1.1","ISC","Copyright (c) Isaac Z. Schlueter","https://www.npmjs.com/package/read-package-json"
"nodejs","read-package-tree","5.3.1","ISC","Copyright (c) Isaac Z. Schlueter and Contributors","https://www.npmjs.com/package/read-package-tree"
"nodejs","readable-stream","1.1.14","MIT","Copyright Node.js contributors. All rights reserved.","https://www.npmjs.com/package/readable-stream"
"nodejs","readable-stream","2.3.6","MIT","Copyright Node.js contributors. All rights reserved.","https://www.npmjs.com/package/readable-stream"
"nodejs","readable-stream","3.6.0","MIT","Copyright Node.js contributors. All rights reserved.","https://www.npmjs.com/package/readable-stream"
"nodejs","readdir-scoped-modules","1.1.0","ISC","Copyright (c) Isaac Z. Schlueter and Contributors","https://www.npmjs.com/package/readdir-scoped-modules"
"nodejs","registry-auth-token","3.4.0","MIT","Copyright (c) 2016 Espen Hovlandsdal","https://www.npmjs.com/package/registry-auth-token"
"nodejs","registry-auth-token","4.2.1","MIT","Copyright (c) 2016 Espen Hovlandsdal","https://www.npmjs.com/package/registry-auth-token"
"nodejs","registry-url","3.1.0","MIT","Copyright (c) Sindre Sorhus <sindresorhus@gmail.com> (https://sindresorhus.com)","https://www.npmjs.com/package/registry-url"
"nodejs","registry-url","5.1.0","MIT","Copyright (c) Sindre Sorhus <sindresorhus@gmail.com> (https://sindresorhus.com)","https://www.npmjs.com/package/registry-url"
"nodejs","reproject","1.2.6","MIT","Copyright (c) 2013 Per Liedman","https://www.npmjs.com/package/reproject"
"nodejs","request","2.88.0","Apache-2.0","","https://www.npmjs.com/package/request"
"nodejs","require-directory","2.1.1","MIT","Copyright (c) 2011 Troy Goode <troygoode@gmail.com>","https://www.npmjs.com/package/require-directory"
"nodejs","require-main-filename","2.0.0","ISC","Copyright (c) 2016, Contributors","https://www.npmjs.com/package/require-main-filename"
"nodejs","resolve-from","4.0.0","MIT","Copyright (c) Sindre Sorhus <sindresorhus@gmail.com> (sindresorhus.com)","https://www.npmjs.com/package/resolve-from"
"nodejs","responselike","1.0.2","MIT","Copyright (c) Sindre Sorhus <sindresorhus@gmail.com> (https://sindresorhus.com)Copyright (c) Luke Childs <lukechilds123@gmail.com> (https://lukechilds.co.uk)","https://www.npmjs.com/package/responselike"
"nodejs","retry","0.12.0","MIT","Copyright (c) 2011:Tim Koschtzki (timdebuggable.com)Felix Geisendrfer (felixdebuggable.com)","https://www.npmjs.com/package/retry"
"nodejs","rimraf","2.7.1","ISC","Copyright (c) 2011-2023 Isaac Z. Schlueter and Contributors","https://www.npmjs.com/package/rimraf"
"nodejs","run-queue","1.0.3","ISC","Copyright Rebecca Turner","https://www.npmjs.com/package/run-queue"
"nodejs","rxjs","6.6.7","Apache-2.0","Copyright (c) 2015-2018 Google, Inc., Netflix, Inc., Microsoft Corp. and contributors","https://www.npmjs.com/package/rxjs"
"nodejs","safe-buffer","5.1.2","MIT","Copyright (c) Feross Aboukhadijeh","https://www.npmjs.com/package/safe-buffer"
"nodejs","safer-buffer","2.1.2","MIT","Copyright (c) 2018 Nikita Skovoroda <chalkerx@gmail.com>","https://www.npmjs.com/package/safer-buffer"
"nodejs","semver","5.7.1","ISC","Copyright (c) Isaac Z. Schlueter and Contributors","https://www.npmjs.com/package/semver"
"nodejs","semver","6.3.0","ISC","Copyright (c) Isaac Z. Schlueter and Contributors","https://www.npmjs.com/package/semver"
"nodejs","semver-diff","2.1.0","MIT","Copyright (c) Sindre Sorhus <sindresorhus@gmail.com> (https://sindresorhus.com)","https://www.npmjs.com/package/semver-diff"
"nodejs","semver-diff","3.1.1","MIT","Copyright (c) Sindre Sorhus <sindresorhus@gmail.com> (https://sindresorhus.com)","https://www.npmjs.com/package/semver-diff"
"nodejs","set-blocking","2.0.0","ISC","Copyright (c) 2016, Contributors","https://www.npmjs.com/package/set-blocking"
"nodejs","sha","3.0.0","BSD-2-Clause","Copyright (c) 2013 Forbes Lindesay","https://www.npmjs.com/package/sha"
"nodejs","shebang-command","1.2.0","MIT","Copyright (c) Kevin Mårtensson <kevinmartensson@gmail.com> (github.com/kevva)","https://www.npmjs.com/package/shebang-command"
"nodejs","shebang-regex","1.0.0","MIT","Copyright (c) Sindre Sorhus <sindresorhus@gmail.com> (https://sindresorhus.com)","https://www.npmjs.com/package/shebang-regex"
"nodejs","signal-exit","3.0.2","ISC","Copyright (c) 2015-2023 Benjamin Coe, Isaac Z. Schlueter, and Contributors","https://www.npmjs.com/package/signal-exit"
"nodejs","slide","1.1.6","ISC","Copyright (c) Isaac Z. Schlueter","https://www.npmjs.com/package/slide"
"nodejs","smart-buffer","4.1.0","MIT","Copyright (c) 2013-2017 Josh Glazebrook","https://www.npmjs.com/package/smart-buffer"
"nodejs","socks","2.3.3","MIT","Copyright (c) 2013 Josh Glazebrook","https://www.npmjs.com/package/socks"
"nodejs","socks-proxy-agent","4.0.2","MIT","","https://www.npmjs.com/package/socks-proxy-agent"
"nodejs","sorted-object","2.0.1","MIT","Copyright (C) 2004 Sam Hocevar <sam@hocevar.net>","https://www.npmjs.com/package/sorted-object"
"nodejs","sorted-union-stream","2.1.3","MIT","Copyright (c) 2014 Mathias Buus","https://www.npmjs.com/package/sorted-union-stream"
"nodejs","spdx-correct","3.0.0","Apache-2.0","Copyright spdxcorrect.js contributors","https://www.npmjs.com/package/spdx-correct"
"nodejs","spdx-exceptions","2.1.0","CC-BY-3.0","Copyright and Licensing","https://www.npmjs.com/package/spdx-exceptions"
"nodejs","spdx-expression-parse","3.0.0","MIT","Copyright (c) 2015 Kyle E. Mitchell & other authors listed in AUTHORS","https://www.npmjs.com/package/spdx-expression-parse"
"nodejs","spdx-license-ids","3.0.5","CC0-1.0","","https://www.npmjs.com/package/spdx-license-ids"
"nodejs","split","1.0.1","MIT","Copyright (c) 2011 Dominic Tarr","https://www.npmjs.com/package/split"
"nodejs","split-on-first","1.1.0","MIT","Copyright (c) Sindre Sorhus <sindresorhus@gmail.com> (https://sindresorhus.com)","https://www.npmjs.com/package/split-on-first"
"nodejs","sshpk","1.14.2","MIT","Copyright Joyent, Inc. All rights reserved.Permission is hereby granted, free of charge, to any person obtaining a copyof this software and associated documentation files (the ""Software""), todeal in the Software without restriction, including without limitation therights to use, copy, modify, merge, publish, distribute, sublicense, and/orsell copies of the Software, and to permit persons to whom the Software isfurnished to do so, subject to the following conditions:","https://www.npmjs.com/package/sshpk"
"nodejs","ssri","6.0.1","ISC","Copyright (c) npm, Inc.","https://www.npmjs.com/package/ssri"
"nodejs","stream-combiner","0.2.2","MIT","Copyright (c) 2012 'Dominic Tarr'","https://www.npmjs.com/package/stream-combiner"
"nodejs","stream-each","1.2.2","MIT","Copyright (c) 2015 Mathias Buus","https://www.npmjs.com/package/stream-each"
"nodejs","stream-iterate","1.2.0","MIT","Copyright (c) 2015 Mathias Buus","https://www.npmjs.com/package/stream-iterate"
"nodejs","stream-shift","1.0.0","MIT","Copyright (c) 2016 Mathias Buus","https://www.npmjs.com/package/stream-shift"
"nodejs","stream-shift","1.0.1","MIT","Copyright (c) 2016 Mathias Buus","https://www.npmjs.com/package/stream-shift"
"nodejs","strict-uri-encode","2.0.0","MIT","Copyright (c) Kevin Mårtensson <kevinmartensson@gmail.com> (github.com/kevva)","https://www.npmjs.com/package/strict-uri-encode"
"nodejs","string-width","2.1.1","MIT","Copyright (c) Sindre Sorhus <sindresorhus@gmail.com> (https://sindresorhus.com)","https://www.npmjs.com/package/string-width"
"nodejs","string-width","4.2.3","MIT","Copyright (c) Sindre Sorhus <sindresorhus@gmail.com> (https://sindresorhus.com)","https://www.npmjs.com/package/string-width"
"nodejs","string_decoder","0.10.31","MIT","","https://www.npmjs.com/package/string_decoder"
"nodejs","string_decoder","1.1.1","MIT","Copyright Node.js contributors. All rights reserved.","https://www.npmjs.com/package/string_decoder"
"nodejs","string_decoder","1.3.0","MIT","Copyright Node.js contributors. All rights reserved.","https://www.npmjs.com/package/string_decoder"
"nodejs","stringify-package","1.0.1","ISC","Copyright npm, Inc","https://www.npmjs.com/package/stringify-package"
"nodejs","strip-ansi","3.0.1","MIT","Copyright (c) Sindre Sorhus <sindresorhus@gmail.com> (https://sindresorhus.com)","https://www.npmjs.com/package/strip-ansi"
"nodejs","strip-ansi","6.0.1","MIT","Copyright (c) Sindre Sorhus <sindresorhus@gmail.com> (https://sindresorhus.com)","https://www.npmjs.com/package/strip-ansi"
"nodejs","strip-eof","1.0.0","MIT","Copyright (c) Sindre Sorhus <sindresorhus@gmail.com> (https://sindresorhus.com)","https://www.npmjs.com/package/strip-eof"
"nodejs","strip-json-comments","2.0.1","MIT","Copyright (c) Sindre Sorhus <sindresorhus@gmail.com> (https://sindresorhus.com)","https://www.npmjs.com/package/strip-json-comments"
"nodejs","supports-color","5.4.0","MIT","Copyright (c) Sindre Sorhus <sindresorhus@gmail.com> (https://sindresorhus.com)","https://www.npmjs.com/package/supports-color"
"nodejs","svgxuse","1.2.6","MIT","Copyright (c) IcoMoon (icomoon.io)","https://www.npmjs.com/package/svgxuse"
"nodejs","tar","4.4.13","ISC","Copyright (c) Isaac Z. Schlueter and Contributors","https://www.npmjs.com/package/tar"
"nodejs","term-size","1.2.0","MIT","Copyright (c) Sindre Sorhus <sindresorhus@gmail.com> (https://sindresorhus.com)","https://www.npmjs.com/package/term-size"
"nodejs","through2","2.0.3","MIT","Copyright (c) Rod Vagg (the Original Author) and additional contributors","https://www.npmjs.com/package/through2"
"nodejs","timed-out","4.0.1","MIT","Copyright (c) Vsevolod Strukchinsky <floatdrop@gmail.com>Copyright (c) Sindre Sorhus <sindresorhus@gmail.com> (https://sindresorhus.com)","https://www.npmjs.com/package/timed-out"
"nodejs","tiny-relative-date","1.3.0","MIT","Copyright (c) 2017 Joseph Wynn","https://www.npmjs.com/package/tiny-relative-date"
"nodejs","to-readable-stream","1.0.0","MIT","Copyright (c) Sindre Sorhus <sindresorhus@gmail.com> (https://sindresorhus.com)","https://www.npmjs.com/package/to-readable-stream"
"nodejs","tough-cookie","2.4.3","BSD-3-Clause","Copyright (c) 2015, Salesforce.com, Inc.All rights reserved.","https://www.npmjs.com/package/tough-cookie"
"nodejs","tslib","2.3.0","0BSD","Copyright (c) Microsoft Corporation.","https://www.npmjs.com/package/tslib"
"nodejs","tunnel-agent","0.6.0","Apache-2.0","","https://www.npmjs.com/package/tunnel-agent"
"nodejs","tweetnacl","0.14.5","Unlicense","","https://www.npmjs.com/package/tweetnacl"
"nodejs","typedarray-to-buffer","3.1.5","MIT","Copyright (c) Feross Aboukhadijeh","https://www.npmjs.com/package/typedarray-to-buffer"
"nodejs","uid-number","0.0.6","ISC","Copyright (c) Isaac Z. Schlueter","https://www.npmjs.com/package/uid-number"
"nodejs","umask","1.1.0","MIT","Copyright (c) 2015 Sam Mikes","https://www.npmjs.com/package/umask"
"nodejs","unique-filename","1.1.1","ISC","Copyright npm, Inc","https://www.npmjs.com/package/unique-filename"
"nodejs","unique-slug","2.0.0","ISC","Copyright npm, Inc","https://www.npmjs.com/package/unique-slug"
"nodejs","unique-string","1.0.0","MIT","Copyright (c) Sindre Sorhus <sindresorhus@gmail.com> (https://sindresorhus.com)","https://www.npmjs.com/package/unique-string"
"nodejs","unique-string","2.0.0","MIT","Copyright (c) Sindre Sorhus <sindresorhus@gmail.com> (https://sindresorhus.com)","https://www.npmjs.com/package/unique-string"
"nodejs","unzip-response","2.0.1","MIT","Copyright (c) Sindre Sorhus <sindresorhus@gmail.com> (https://sindresorhus.com)","https://www.npmjs.com/package/unzip-response"
"nodejs","update-notifier","2.5.0","BSD-2-Clause","Copyright Google","https://www.npmjs.com/package/update-notifier"
"nodejs","update-notifier","5.1.0","BSD-2-Clause","Copyright Google","https://www.npmjs.com/package/update-notifier"
"nodejs","uri-js","4.4.0","BSD-2-Clause","Copyright 2011 Gary Court. All rights reserved.","https://www.npmjs.com/package/uri-js"
"nodejs","url-parse-lax","1.0.0","MIT","Copyright (c) Sindre Sorhus <sindresorhus@gmail.com> (https://sindresorhus.com)","https://www.npmjs.com/package/url-parse-lax"
"nodejs","url-parse-lax","3.0.0","MIT","Copyright (c) Sindre Sorhus <sindresorhus@gmail.com> (https://sindresorhus.com)","https://www.npmjs.com/package/url-parse-lax"
"nodejs","util-extend","1.0.3","MIT","Copyright (c) 2013-2022 Joyent, Inc. and other Node contributors. All rights reserved.Permission is hereby granted, free of charge, to any person obtaining a copyof this software and associated documentation files (the ""Software""), todeal in the Software without restriction, including without limitation therights to use, copy, modify, merge, publish, distribute, sublicense, and/orsell copies of the Software, and to permit persons to whom the Software isfurnished to do so, subject to the following conditions:","https://www.npmjs.com/package/util-extend"
"nodejs","util-promisify","2.1.0","MIT","Copyright 2021 Julian Gruber","https://www.npmjs.com/package/util-promisify"
"nodejs","uuid","3.3.3","MIT","Copyright (c) 2010-2020 Robert Kieffer and other contributors","https://www.npmjs.com/package/uuid"
"nodejs","validate-npm-package-license","3.0.4","Apache-2.0","","https://www.npmjs.com/package/validate-npm-package-license"
"nodejs","validate-npm-package-name","3.0.0","ISC","Copyright (c) 2015, npm, Inc","https://www.npmjs.com/package/validate-npm-package-name"
"nodejs","verror","1.10.0","MIT","Copyright (c) 2016, Joyent, Inc. All rights reserved.","https://www.npmjs.com/package/verror"
"nodejs","wcwidth","1.0.1","MIT","Copyright (C) 2012 by Jun Woong.","https://www.npmjs.com/package/wcwidth"
"nodejs","which","1.3.1","ISC","Copyright (c) Isaac Z. Schlueter and Contributors","https://www.npmjs.com/package/which"
"nodejs","which-module","2.0.0","ISC","Copyright (c) 2016, Contributors","https://www.npmjs.com/package/which-module"
"nodejs","wide-align","1.1.2","ISC","Copyright (c) 2015, Rebecca Turner <me@re-becca.org>","https://www.npmjs.com/package/wide-align"
"nodejs","widest-line","2.0.1","MIT","Copyright (c) Sindre Sorhus <sindresorhus@gmail.com> (https://sindresorhus.com)","https://www.npmjs.com/package/widest-line"
"nodejs","widest-line","3.1.0","MIT","Copyright (c) Sindre Sorhus <sindresorhus@gmail.com> (https://sindresorhus.com)","https://www.npmjs.com/package/widest-line"
"nodejs","wkt-parser","1.3.2","MIT","Copyright (c) 2014, Mike Adair, Richard Greenwood, Didier Richard, Stephen Irons, Olivier Terral and Calvin Metcalf","https://www.npmjs.com/package/wkt-parser"
"nodejs","worker-farm","1.7.0","MIT","Copyright (c) 2014 LevelUP contributors---------------------------------------","https://www.npmjs.com/package/worker-farm"
"nodejs","wrap-ansi","5.1.0","MIT","Copyright (c) Sindre Sorhus <sindresorhus@gmail.com> (https://sindresorhus.com)","https://www.npmjs.com/package/wrap-ansi"
"nodejs","wrappy","1.0.2","ISC","Copyright (c) Isaac Z. Schlueter and Contributors","https://www.npmjs.com/package/wrappy"
"nodejs","write-file-atomic","2.4.3","ISC","Copyright (c) 2015, Rebecca Turner","https://www.npmjs.com/package/write-file-atomic"
"nodejs","write-file-atomic","3.0.3","ISC","Copyright (c) 2015, Rebecca Turner","https://www.npmjs.com/package/write-file-atomic"
"nodejs","xdg-basedir","3.0.0","MIT","Copyright (c) Sindre Sorhus <sindresorhus@gmail.com> (https://sindresorhus.com)","https://www.npmjs.com/package/xdg-basedir"
"nodejs","xdg-basedir","4.0.0","MIT","Copyright (c) Sindre Sorhus <sindresorhus@gmail.com> (https://sindresorhus.com)","https://www.npmjs.com/package/xdg-basedir"
"nodejs","xtend","4.0.1","MIT","Copyright (c) 2012-2014 Raynos.","https://www.npmjs.com/package/xtend"
"nodejs","y18n","4.0.1","ISC","Copyright (c) 2015, Contributors","https://www.npmjs.com/package/y18n"
"nodejs","yallist","3.0.3","ISC","Copyright (c) 2015-2022 Isaac Z. Schlueter and Contributors","https://www.npmjs.com/package/yallist"
"nodejs","yargs","14.2.3","MIT","Copyright 2010 James Halliday (mail@substack.net); Modified work Copyright 2014 Contributors (ben@npmjs.com)","https://www.npmjs.com/package/yargs"
"nodejs","yargs-parser","15.0.1","ISC","Copyright (c) 2016, Contributors","https://www.npmjs.com/package/yargs-parser"
"nodejs","zone.js","0.10.3","MIT","Copyright (c) 2010-2023 Google LLC. https://angular.io/license","https://www.npmjs.com/package/zone.js"
